{
	"info": {
		"_postman_id": "0ec0c4ad-bc0d-4e50-8455-bf2ced3260c3",
		"name": "Experian",
		"schema": "https://schema.getpostman.com/json/collection/v2.1.0/collection.json"
	},
	"item": [
		{
			"name": "GetAll",
			"request": {
				"method": "GET",
				"header": [],
				"url": {
					"raw": "https://localhost:44350/Request/GetAll",
					"protocol": "https",
					"host": [
						"localhost"
					],
					"port": "44350",
					"path": [
						"Request",
						"GetAll"
					]
				}
			},
			"response": []
		},
		{
			"name": "GetAlbumsFromUser",
			"request": {
				"method": "GET",
				"header": [],
				"url": {
					"raw": "https://localhost:44350/Request/GetAlbumsFromUser?userid=1",
					"protocol": "https",
					"host": [
						"localhost"
					],
					"port": "44350",
					"path": [
						"Request",
						"GetAlbumsFromUser"
					],
					"query": [
						{
							"key": "userid",
							"value": "1"
						}
					]
				}
			},
			"response": []
		}
	]
}